<?xml version="1.0" encoding="ISO-8859-1"?>
<!DOCTYPE metadata SYSTEM "http://www.fgdc.gov/metadata/fgdc-std-001-1998.dtd">
<metadata>
	<idinfo>
		<citation>
			<citeinfo>
				<origin>REQUIRED: The name of an organization or individual that developed the data set.</origin>
				<pubdate>REQUIRED: The date when the data set is published or otherwise made available for release.</pubdate>
				<title Sync="TRUE">SI_1K</title>
				<geoform Sync="TRUE">vector digital data</geoform>
				<onlink>\\CTECNGA\D$\GIS\Grids\Test\EEA10km_grid_fishnet_AT.shp</onlink>
				<ftname Sync="TRUE">SI_1K</ftname></citeinfo>
		</citation>
		<descript>
			<abstract>10km by 10km grid created using EEA fishnet tool in ETRS 89 LAEA 52 10 projection. The grid was clipped to a 20km buffer of the country extent- the country extent was based on using the data from EEAMapdata_5210_v2_3.  The table file attached associated with the document contains the starting point (the "0, 0 point") for the grid for each country along with the number of rows and columns used in the fishnet tool.  It should be noted that this generates a grid to that extent and will need to be edited to the extent of the country in question. 
http://www.eionet.europa.eu/gis/geographicinformationstandards.html</abstract>
			<purpose>EEA 10km by 10km grid for use in Article 17 reporting.</purpose>
			<supplinf>Created by using EEA fishnet tool and subsequently edited to country boundary.  All data supplied by EEA "EEAMapdata_5210_v2_3"</supplinf>
			<langdata Sync="TRUE">ca</langdata></descript>
		<timeperd>
			<timeinfo>
				<sngdate>
					<caldate>24/04/2007</caldate>
				</sngdate>
			</timeinfo>
			<current>ground condition</current>
		</timeperd>
		<status>
			<progress>Complete</progress>
			<update>As needed</update>
		</status>
		<spdom>
			<bounding>
				<westbc Sync="TRUE">13.319480</westbc>
				<eastbc Sync="TRUE">16.652660</eastbc>
				<northbc Sync="TRUE">47.008591</northbc>
				<southbc Sync="TRUE">45.297304</southbc>
			</bounding>
			<lboundng><leftbc Sync="TRUE">4581000.000000</leftbc><rightbc Sync="TRUE">4828000.000000</rightbc><bottombc Sync="TRUE">2487000.000000</bottombc><topbc Sync="TRUE">2661000.000000</topbc></lboundng></spdom>
		<keywords>
			<theme>
				<themekt>REQUIRED: Reference to a formally registered thesaurus or a similar authoritative source of theme keywords.</themekt>
				<themekey>EEA, 10km grid, ETRS89, LAEA 5210</themekey>
			</theme>
			<place>
				<placekey>Europe</placekey>
			</place>
		</keywords>
		<accconst>To be used in conjunction with the mapping of Article 17</accconst>
		<useconst>For use by data cordinators and their organisations involved in the Article 17 programme.</useconst>
		<ptcontac>
			<cntinfo>
				<cntperp>
					<cntper>Brian Mac Sharry</cntper>
					<cntorg>EEA-ETC/BD</cntorg>
				</cntperp>
				<cntpos>Spatial Data/GIS Officer</cntpos>
				<cntvoice>+33 1 40 79 35 63</cntvoice>
				<cntemail>mac-sharry@mnhn.fr</cntemail>
				<cntinst>http://biodiversity.eionet.europa.eu/</cntinst>
			</cntinfo>
		</ptcontac>
		<datacred>EEA</datacred>
		<native Sync="TRUE">Microsoft Windows XP Version 5.1 (Build 2600) Service Pack 2; ESRI ArcCatalog 9.1.0.722</native>
		<natvform Sync="TRUE">Shapefile</natvform></idinfo>
	<spdoinfo>
		<direct Sync="TRUE">Vector</direct>
		<ptvctinf><esriterm Name="newSplitID"><efeatyp Sync="TRUE">Simple</efeatyp><efeageom code="4" Sync="TRUE"></efeageom><esritopo Sync="TRUE">FALSE</esritopo><efeacnt Sync="TRUE">0</efeacnt><spindex Sync="TRUE">FALSE</spindex><linrefer Sync="TRUE">FALSE</linrefer></esriterm></ptvctinf></spdoinfo>
	<spref>
		<horizsys>
			<planar>
				<planci>
					<plance Sync="TRUE">coordinate pair</plance>
					<coordrep>
						<absres Sync="TRUE">0.000512</absres>
						<ordres Sync="TRUE">0.000512</ordres>
					</coordrep>
					<plandu Sync="TRUE">meters</plandu>
				</planci>
			</planar>
			<geodetic>
				<horizdn Sync="TRUE">D_ETRS_1989</horizdn>
				<ellips Sync="TRUE">Geodetic Reference System 80</ellips>
				<semiaxis Sync="TRUE">6378137.000000</semiaxis>
				<denflat Sync="TRUE">298.257222</denflat>
			</geodetic>
			<cordsysn><geogcsn Sync="TRUE">GCS_ETRS_1989</geogcsn><projcsn Sync="TRUE">ETRS_1989_LAEA</projcsn></cordsysn></horizsys>
	</spref>
	<eainfo>
		<detailed Name="newSplitID">
			<enttyp>
				<enttypl Sync="TRUE">newSplitID</enttypl>
				<enttypt Sync="TRUE">Feature Class</enttypt><enttypc Sync="TRUE">0</enttypc></enttyp>
			<attr>
				<attrlabl>FID</attrlabl>
				<attrdef>Internal feature number.</attrdef>
				<attrdefs>ESRI</attrdefs>
				<attrdomv>
					<udom>Sequential unique whole numbers that are automatically generated.</udom>
				</attrdomv>
				<attalias Sync="TRUE">FID</attalias><attrtype Sync="TRUE">OID</attrtype><attwidth Sync="TRUE">4</attwidth><atprecis Sync="TRUE">0</atprecis><attscale Sync="TRUE">0</attscale></attr>
			<attr>
				<attrlabl>Shape</attrlabl>
				<attrdef>Feature geometry.</attrdef>
				<attrdefs>ESRI</attrdefs>
				<attrdomv>
					<udom>Coordinates defining the features.</udom>
				</attrdomv>
				<attalias Sync="TRUE">Shape</attalias><attrtype Sync="TRUE">Geometry</attrtype><attwidth Sync="TRUE">0</attwidth><atprecis Sync="TRUE">0</atprecis><attscale Sync="TRUE">0</attscale></attr>
			<attr><attrlabl Sync="TRUE">newID</attrlabl><attalias Sync="TRUE">newID</attalias><attrtype Sync="TRUE">Integer</attrtype><attwidth Sync="TRUE">9</attwidth><atprecis Sync="TRUE">9</atprecis><attscale Sync="TRUE">0</attscale></attr></detailed>
	</eainfo>
	<distinfo>
		<resdesc>Downloadable Data</resdesc>
		<stdorder>
			<digform>
				<digtinfo>
					<transize>0.124</transize>
					<dssize Sync="TRUE">2,720</dssize></digtinfo>
			</digform>
		</stdorder>
	</distinfo>
	<metainfo>
		<metd Sync="TRUE">20070709</metd>
		<metc>
			<cntinfo>
				<cntorgp>
					<cntorg>REQUIRED: The organization responsible for the metadata information.</cntorg>
					<cntper>REQUIRED: The person responsible for the metadata information.</cntper>
				</cntorgp>
				<cntaddr>
					<addrtype>REQUIRED: The mailing and/or physical address for the organization or individual.</addrtype>
					<city>REQUIRED: The city of the address.</city>
					<state>REQUIRED: The state or province of the address.</state>
					<postal>REQUIRED: The ZIP or other postal code of the address.</postal>
				</cntaddr>
				<cntvoice>REQUIRED: The telephone number by which individuals can speak to the organization or individual.</cntvoice>
			</cntinfo>
		</metc>
		<metstdn Sync="TRUE">FGDC Content Standards for Digital Geospatial Metadata</metstdn>
		<metstdv Sync="TRUE">FGDC-STD-001-1998</metstdv>
		<mettc Sync="TRUE">local time</mettc>
		<metextns>
			<onlink>http://www.esri.com/metadata/esriprof80.html</onlink>
			<metprof>ESRI Metadata Profile</metprof>
		</metextns>
		<langmeta Sync="TRUE">ca</langmeta></metainfo>
	<Esri><CreaDate>20141010</CreaDate><CreaTime>13164800</CreaTime><SyncOnce>FALSE</SyncOnce><SyncDate>20141103</SyncDate><SyncTime>23001900</SyncTime><ModDate>20141103</ModDate><ModTime>23001900</ModTime><DataProperties><lineage><Process ToolSource="c:\program files\arcgis\desktop10.1\ArcToolbox\Toolboxes\Data Management Tools.tbx\AddSpatialIndex" Date="20131203" Time="222506">AddSpatialIndex SI_1K 0 0 0</Process><Process ToolSource="c:\program files (x86)\arcgis\desktop10.1\ArcToolbox\Toolboxes\Data Management Tools.tbx\AddSpatialIndex" Date="20140923" Time="154453">AddSpatialIndex SI_1K 0 0 0</Process><Process ToolSource="c:\program files (x86)\arcgis\desktop10.1\ArcToolbox\Toolboxes\Data Management Tools.tbx\CalculateField" Date="20140923" Time="160219">CalculateField SI_1K SI_1K_ID "[FID] + 1" VB #</Process><Process ToolSource="c:\program files (x86)\arcgis\desktop10.1\ArcToolbox\Toolboxes\Data Management Tools.tbx\CalculateField" Date="20140923" Time="162423">CalculateField SI_1K SI1KID ""SI_"+ [SI1KID]" VB #</Process><Process ToolSource="c:\program files (x86)\arcgis\desktop10.1\ArcToolbox\Toolboxes\Data Management Tools.tbx\CalculateField" Date="20140923" Time="162448">CalculateField SI_1K SI1KID ""SI_"+ LTrim( [SI1KID] )" VB #</Process><Process ToolSource="c:\program files (x86)\arcgis\desktop10.1\ArcToolbox\Toolboxes\Data Management Tools.tbx\CalculateField" Date="20140923" Time="163011">CalculateField SI_1K SI1K_ID Asc( [SI_1K_ID] ) VB #</Process><Process ToolSource="c:\program files (x86)\arcgis\desktop10.1\ArcToolbox\Toolboxes\Data Management Tools.tbx\CalculateField" Date="20140923" Time="163031">CalculateField SI_1K SI1K_ID Asc( [FID] ) VB #</Process><Process ToolSource="c:\program files (x86)\arcgis\desktop10.1\ArcToolbox\Toolboxes\Data Management Tools.tbx\CalculateField" Date="20140923" Time="163051">CalculateField SI_1K SI1K_ID Asc( [FID] +1 ) VB #</Process><Process ToolSource="c:\program files (x86)\arcgis\desktop10.1\ArcToolbox\Toolboxes\Data Management Tools.tbx\CalculateField" Date="20140923" Time="163110">CalculateField SI_1K SI1K_ID Asc( [SI_1K_ID] ) VB #</Process><Process ToolSource="c:\program files (x86)\arcgis\desktop10.1\ArcToolbox\Toolboxes\Data Management Tools.tbx\CalculateField" Date="20140923" Time="163158">CalculateField SI_1K SI1K_ID LTrim( [SI_1K_ID] ) VB #</Process><Process ToolSource="c:\program files (x86)\arcgis\desktop10.1\ArcToolbox\Toolboxes\Data Management Tools.tbx\CalculateField" Date="20140923" Time="163240">CalculateField SI_1K SI1K_ID "SI"+LTrim( [SI_1K_ID] ) VB #</Process><Process ToolSource="c:\program files (x86)\arcgis\desktop10.1\ArcToolbox\Toolboxes\Data Management Tools.tbx\CalculateField" Date="20141010" Time="131900">CalculateField SI_1K_split SPLIT_ID 1 VB #</Process><Process ToolSource="c:\program files (x86)\arcgis\desktop10.1\ArcToolbox\Toolboxes\Data Management Tools.tbx\CalculateField" Date="20141010" Time="132020">CalculateField SI_1K_split SPLIT_ID 2 VB #</Process><Process ToolSource="c:\program files (x86)\arcgis\desktop10.1\ArcToolbox\Toolboxes\Data Management Tools.tbx\CalculateField" Date="20141010" Time="132043">CalculateField SI_1K_split SPLIT_ID 3 VB #</Process><Process ToolSource="c:\program files (x86)\arcgis\desktop10.1\ArcToolbox\Toolboxes\Data Management Tools.tbx\CalculateField" Date="20141010" Time="132109">CalculateField SI_1K_split SPLIT_ID 4 VB #</Process><Process ToolSource="c:\program files (x86)\arcgis\desktop10.1\ArcToolbox\Toolboxes\Data Management Tools.tbx\CalculateField" Date="20141010" Time="132436">CalculateField SI_1K_split SPLIT_ID 5 VB #</Process><Process ToolSource="c:\program files (x86)\arcgis\desktop10.1\ArcToolbox\Toolboxes\Data Management Tools.tbx\CalculateField" Date="20141010" Time="135153">CalculateField SI_1K_split SplitID [SPLIT_ID] VB #</Process><Process ToolSource="c:\program files (x86)\arcgis\desktop10.1\ArcToolbox\Toolboxes\Data Management Tools.tbx\CalculateField" Date="20141010" Time="135205">CalculateField SI_1K_split SplitID [SPLIT_ID] VB #</Process><Process ToolSource="c:\program files (x86)\arcgis\desktop10.1\ArcToolbox\Toolboxes\Data Management Tools.tbx\CalculateField" Date="20141010" Time="195929">CalculateField SI_1K_split SplitID 6 VB #</Process><Process ToolSource="c:\program files (x86)\arcgis\desktop10.1\ArcToolbox\Toolboxes\Data Management Tools.tbx\CalculateField" Date="20141010" Time="195954">CalculateField SI_1K_split SplitID 7 VB #</Process><Process ToolSource="c:\program files (x86)\arcgis\desktop10.1\ArcToolbox\Toolboxes\Data Management Tools.tbx\CalculateField" Date="20141010" Time="200017">CalculateField SI_1K_split SplitID 8 VB #</Process><Process ToolSource="c:\program files (x86)\arcgis\desktop10.1\ArcToolbox\Toolboxes\Data Management Tools.tbx\CalculateField" Date="20141019" Time="114252">CalculateField SI_1K_split SPLIT_ID 8 VB #</Process><Process ToolSource="c:\program files (x86)\arcgis\desktop10.1\ArcToolbox\Toolboxes\Data Management Tools.tbx\CalculateField" Date="20141019" Time="114325">CalculateField SI_1K_split SPLIT_ID 9 VB #</Process><Process ToolSource="c:\program files (x86)\arcgis\desktop10.1\ArcToolbox\Toolboxes\Data Management Tools.tbx\CalculateField" Date="20141019" Time="114336">CalculateField SI_1K_split SplitID 9 VB #</Process><Process ToolSource="c:\program files (x86)\arcgis\desktop10.1\ArcToolbox\Toolboxes\Data Management Tools.tbx\CalculateField" Date="20141019" Time="114538">CalculateField SI_1K_split SPLIT_ID 10 VB #</Process><Process ToolSource="c:\program files (x86)\arcgis\desktop10.1\ArcToolbox\Toolboxes\Data Management Tools.tbx\CalculateField" Date="20141019" Time="114554">CalculateField SI_1K_split SplitID 10 VB #</Process><Process ToolSource="c:\program files (x86)\arcgis\desktop10.1\ArcToolbox\Toolboxes\Data Management Tools.tbx\CalculateField" Date="20141019" Time="114731">CalculateField SI_1K_split SplitID 11 VB #</Process><Process ToolSource="c:\program files (x86)\arcgis\desktop10.1\ArcToolbox\Toolboxes\Data Management Tools.tbx\CalculateField" Date="20141019" Time="115030">CalculateField SI_1K_split SplitID 12 VB #</Process><Process ToolSource="c:\program files (x86)\arcgis\desktop10.1\ArcToolbox\Toolboxes\Data Management Tools.tbx\CalculateField" Date="20141019" Time="115150">CalculateField SI_1K_split SplitID 14 VB #</Process><Process ToolSource="c:\program files (x86)\arcgis\desktop10.1\ArcToolbox\Toolboxes\Data Management Tools.tbx\CalculateField" Date="20141019" Time="115257">CalculateField SI_1K_split SplitID 15 VB #</Process><Process ToolSource="c:\program files (x86)\arcgis\desktop10.1\ArcToolbox\Toolboxes\Data Management Tools.tbx\CalculateField" Date="20141019" Time="115343">CalculateField SI_1K_split SplitID 16 VB #</Process><Process ToolSource="c:\program files (x86)\arcgis\desktop10.1\ArcToolbox\Toolboxes\Data Management Tools.tbx\CalculateField" Date="20141019" Time="121718">CalculateField SI_1K_split SplitID 17 VB #</Process><Process ToolSource="c:\program files (x86)\arcgis\desktop10.1\ArcToolbox\Toolboxes\Data Management Tools.tbx\CalculateField" Date="20141019" Time="121733">CalculateField SI_1K_split SplitID 18 VB #</Process><Process ToolSource="c:\program files (x86)\arcgis\desktop10.1\ArcToolbox\Toolboxes\Data Management Tools.tbx\Dissolve" Date="20141103" Time="230022">Dissolve SI_1K_split D:\Geotest\Openstreetmap_data\RABA_11_09_2014\newSplitID.shp newID # SINGLE_PART DISSOLVE_LINES</Process><Process ToolSource="c:\program files (x86)\arcgis\desktop10.1\ArcToolbox\Toolboxes\Data Management Tools.tbx\CalculateField" Date="20141103" Time="230950">CalculateField newSplitID newSplitID [FID]+1 VB #</Process></lineage><itemProps><itemName Sync="TRUE">newSplitID</itemName><imsContentType Sync="TRUE">002</imsContentType><itemSize Sync="TRUE">0.000</itemSize><itemLocation><linkage Sync="TRUE">file://\\THINK-MARTIN\D$\Geotest\Openstreetmap_data\RABA_11_09_2014\newSplitID.shp</linkage><protocol Sync="TRUE">Local Area Network</protocol></itemLocation></itemProps><coordRef><type Sync="TRUE">Projected</type><geogcsn Sync="TRUE">GCS_ETRS_1989</geogcsn><csUnits Sync="TRUE">Linear Unit: Meter (1.000000)</csUnits><projcsn Sync="TRUE">ETRS_1989_LAEA</projcsn><peXml Sync="TRUE">&lt;ProjectedCoordinateSystem xsi:type='typens:ProjectedCoordinateSystem' xmlns:xsi='http://www.w3.org/2001/XMLSchema-instance' xmlns:xs='http://www.w3.org/2001/XMLSchema' xmlns:typens='http://www.esri.com/schemas/ArcGIS/10.1'&gt;&lt;WKT&gt;PROJCS[&amp;quot;ETRS_1989_LAEA&amp;quot;,GEOGCS[&amp;quot;GCS_ETRS_1989&amp;quot;,DATUM[&amp;quot;D_ETRS_1989&amp;quot;,SPHEROID[&amp;quot;GRS_1980&amp;quot;,6378137.0,298.257222101]],PRIMEM[&amp;quot;Greenwich&amp;quot;,0.0],UNIT[&amp;quot;Degree&amp;quot;,0.0174532925199433]],PROJECTION[&amp;quot;Lambert_Azimuthal_Equal_Area&amp;quot;],PARAMETER[&amp;quot;False_Easting&amp;quot;,4321000.0],PARAMETER[&amp;quot;False_Northing&amp;quot;,3210000.0],PARAMETER[&amp;quot;Central_Meridian&amp;quot;,10.0],PARAMETER[&amp;quot;Latitude_Of_Origin&amp;quot;,52.0],UNIT[&amp;quot;Meter&amp;quot;,1.0],AUTHORITY[&amp;quot;EPSG&amp;quot;,3035]]&lt;/WKT&gt;&lt;XOrigin&gt;-8426600&lt;/XOrigin&gt;&lt;YOrigin&gt;-9526700&lt;/YOrigin&gt;&lt;XYScale&gt;353290001.83332509&lt;/XYScale&gt;&lt;ZOrigin&gt;-100000&lt;/ZOrigin&gt;&lt;ZScale&gt;10000&lt;/ZScale&gt;&lt;MOrigin&gt;-100000&lt;/MOrigin&gt;&lt;MScale&gt;10000&lt;/MScale&gt;&lt;XYTolerance&gt;0.001&lt;/XYTolerance&gt;&lt;ZTolerance&gt;0.001&lt;/ZTolerance&gt;&lt;MTolerance&gt;0.001&lt;/MTolerance&gt;&lt;HighPrecision&gt;true&lt;/HighPrecision&gt;&lt;WKID&gt;3035&lt;/WKID&gt;&lt;LatestWKID&gt;3035&lt;/LatestWKID&gt;&lt;/ProjectedCoordinateSystem&gt;</peXml></coordRef></DataProperties><ArcGISFormat>1.0</ArcGISFormat></Esri><dataqual><lineage><procstep><procdesc Sync="TRUE">Metadata imported.</procdesc><srcused Sync="TRUE">C:\Documents and Settings\Brian\Mes documents\Brian\metadata.xml</srcused><date Sync="TRUE">20070424</date><time Sync="TRUE">14282600</time></procstep></lineage><logic>Country extent based on data from EEAMapdata_5210_v2_3.  </logic></dataqual><dataIdInfo><envirDesc Sync="TRUE">Microsoft Windows 7 Version 6.1 (Build 7601) Service Pack 1; Esri ArcGIS 10.1.1.3143</envirDesc><dataLang><languageCode Sync="TRUE" value="slv"></languageCode><countryCode value="SVN" Sync="TRUE"></countryCode></dataLang><idCitation><resTitle Sync="TRUE">newSplitID</resTitle><presForm><PresFormCd Sync="TRUE" value="005"></PresFormCd></presForm><resRefData><refDate>20070619</refDate></resRefData><resEd>v1</resEd></idCitation><spatRpType><SpatRepTypCd Sync="TRUE" value="001"></SpatRepTypCd></spatRpType><dataExt><geoEle><GeoBndBox esriExtentType="native"><westBL Sync="TRUE">13.31948</westBL><eastBL Sync="TRUE">16.65266</eastBL><northBL Sync="TRUE">47.008591</northBL><southBL Sync="TRUE">45.297304</southBL><exTypeCode Sync="TRUE">1</exTypeCode></GeoBndBox><westBL>13,3194799329562</westBL><eastBL>16,6526601939032</eastBL><northBL>47,0085911919098</northBL><southBL>45,2973037138192</southBL></geoEle></dataExt><geoBox esriExtentType="decdegrees"><westBL Sync="TRUE">13.31948</westBL><eastBL Sync="TRUE">16.65266</eastBL><northBL Sync="TRUE">47.008591</northBL><southBL Sync="TRUE">45.297304</southBL><exTypeCode Sync="TRUE">1</exTypeCode></geoBox><idAbs>1km by 1km grid created using EEA fishnet tool in ETRS 89 LAEA 52 10 projection.
The grid was created to cover the country borders and Natura 2000 sites.</idAbs><tpCat><TopicCatCd value="010"></TopicCatCd></tpCat><idPoC><role value="003"></role><rpOrgName>European Environment Agency</rpOrgName><rpCntInfo><cntAdress><delPoint>Kongens Nytorv 6</delPoint><city>Copenhagen</city><adminArea>K</adminArea><postCode>1050</postCode><country>Denmark</country><eMailAdd>eea@eea.eu.int</eMailAdd></cntAdress></rpCntInfo></idPoC><descKeys><keyword>Grid</keyword></descKeys><dataScale><equScale><rfDenom>10.000</rfDenom></equScale><scaleDist>1000</scaleDist></dataScale></dataIdInfo><mdLang><languageCode Sync="TRUE" value="slv"></languageCode><countryCode value="SVN" Sync="TRUE"></countryCode></mdLang><mdStanName>EEA-MSGI/ISO19115 (First Edition)</mdStanName><mdStanVer>1.1a</mdStanVer><mdChar><CharSetCd Sync="TRUE" value="006"></CharSetCd></mdChar><mdHrLv><ScopeCd Sync="TRUE" value="005"></ScopeCd></mdHrLv><mdHrLvName Sync="TRUE">dataset</mdHrLvName><distInfo><distributor><distorTran><onLineSrc><orDesc Sync="TRUE">002</orDesc><linkage Sync="TRUE">file://\\Etcte13\DataServer\ProjEnv\2007_Subvention\1_2_3_GIS_Support\Reference_grids\By country\SI\SI_1K.shp</linkage><protocol Sync="TRUE">Local Area Network</protocol></onLineSrc><transSize Sync="TRUE">2,720</transSize></distorTran><distorFormat><formatName Sync="TRUE">Shapefile</formatName></distorFormat></distributor><distFormat><formatName Sync="TRUE">Shapefile</formatName></distFormat><distTranOps><transSize Sync="TRUE">0.000</transSize></distTranOps></distInfo><mdDateSt>20070709</mdDateSt><refSysInfo><refSysName><identCode>ETRS_1989_LAEA</identCode></refSysName><datum><identCode>D_ETRS_1989</identCode></datum><ellipsoid><identCode>GRS_1980</identCode><semiMajAx>6378137</semiMajAx><axisUnits>Degrees</axisUnits><denFlatRat>3,35281068118232E-03</denFlatRat></ellipsoid><projection><latProjCnt></latProjCnt><stanParal></stanParal><identCode>Lambert_Azimuthal_Equal_Area</identCode><stanParal></stanParal><longCntMer>10</longCntMer><latProjOri>52</latProjOri><falEastng>4321000</falEastng><falNorthng>3210000</falNorthng><falENUnits>Meter</falENUnits><sclFacEqu></sclFacEqu><longProjCnt></longProjCnt></projection><RefSystem><refSysID><identCode Sync="TRUE" code="3035">ETRS_1989_LAEA</identCode><idCodeSpace Sync="TRUE">EPSG</idCodeSpace><idVersion Sync="TRUE">7.11.2</idVersion></refSysID></RefSystem></refSysInfo><spatRepInfo><VectSpatRep><geometObjs Name="newSplitID"><geoObjTyp><GeoObjTypCd value="002" Sync="TRUE"></GeoObjTypCd></geoObjTyp><geoObjCnt Sync="TRUE">0</geoObjCnt></geometObjs><topLvl><TopoLevCd value="001" Sync="TRUE"></TopoLevCd></topLvl></VectSpatRep></spatRepInfo><mdContact><rpOrgName>European Topic Centre on Land Use and Spatial Information (ETC-LUSI)</rpOrgName><rpCntInfo><cntAddress><delPoint>Autonomous University of Barcelona (UAB), Building C - Faculty of Sciences, Torre C5-S, 4th floor</delPoint><city>Bellaterra</city><adminArea>Barcelona</adminArea><postCode>E-08193</postCode><country>Spain</country><eMailAdd>etclusi@uab.es</eMailAdd></cntAddress></rpCntInfo><rpIndName>Francisco Domingues</rpIndName><role><RoleCd>007</RoleCd></role></mdContact><dqInfo><dataLineage><statement>This grid was created using EEA fishnet tool in ETRS 89 LAEA 52 10 projection and covers the country extend and Natura 2000 areas if applicable.</statement></dataLineage><DataChgEEA>None</DataChgEEA></dqInfo><mdExtInfo><extEleInfo><extEleName>EEABriefAbstract</extEleName><extShortName>BrfAbsEEA</extShortName><extEleDef>Brief narrative summary of the content of the dataset (max. 100 characters)</extEleDef><eleDataType value="014"></eleDataType><extEleParEnt>Metadata/dataIdInfo/</extEleParEnt></extEleInfo><extEleInfo><extEleName>EEADatasetChanges</extEleName><extShortName>DataChgEEA</extShortName><extEleDef>Changes since last version of dataset</extEleDef><eleDataType value="014"></eleDataType><extEleParEnt>Metadata/dqInfo/</extEleParEnt></extEleInfo></mdExtInfo><mdConst><accessConsts><RestrictCd value="008"></RestrictCd></accessConsts><othConsts>EEA policy</othConsts></mdConst></metadata>
